match_id,league,round,date,home,away,home_goals,away_goals,home_xg,home_xa,home_big_chances,home_shots_on,home_shots_off,home_shots_blocked,home_possession,home_corners,home_attacks,home_crosses,home_passes,home_passes_ok,away_xg,away_xa,away_big_chances,away_shots_on,away_shots_off,away_shots_blocked,away_possession,away_corners,away_attacks,away_crosses,away_passes,away_passes_ok
1336369485,La Liga,Regular Season - 2,2026-08-20,Rayo Vallecano,Alavés,1,1,0.42,0.32,1,3,4,1,0.48,9,,22,,,2,1.4,4,3,9,3,0.52,7,,27,,
1336364379,La Liga,Regular Season - 2,2026-08-21,Real Betis,Real Sociedad,1,0,1.24,1.19,1,7,7,4,0.48,4,,13,,,1.36,0.34,2,3,3,3,0.52,5,,14,,
1336366081,La Liga,Regular Season - 2,2026-08-22,Espanyol,Real Madrid,1,2,1.05,0.52,2,3,4,1,0.37,0,,12,,,2.71,1.25,3,8,7,6,0.63,8,,20,,
1336370336,La Liga,Regular Season - 2,2026-08-22,Valencia,Celta de Vigo,0,0,0.7,0.29,1,2,4,2,0.44,1,,15,,,0.62,0.77,1,3,3,1,0.56,2,,14,,
1336362677,La Liga,Regular Season - 2,2026-08-22,Athletic Club,Sevilla FC,1,3,1.37,1.08,2,8,7,3,0.65,10,,30,,,1.26,0.17,2,4,2,1,0.35,3,,8,,
1336365230,La Liga,Regular Season - 2,2026-08-23,Elche,Barcelona,0,5,0.7,0.65,3,2,5,0,0.46,3,,13,,,4.38,1.32,9,7,4,0,0.54,1,,3,,
1336366932,La Liga,Regular Season - 2,2026-08-23,Getafe,Racing Santander,1,0,1.24,0.33,1,1,9,2,0.43,8,,31,,,1.31,0.45,2,3,3,0,0.57,6,,14,,
1336363528,La Liga,Regular Season - 2,2026-08-23,Atlético Madrid,Villarreal,2,2,0.78,1.06,0,4,5,10,0.52,5,,20,,,3.6,1.37,6,6,3,4,0.48,3,,6,,
1336367783,La Liga,Regular Season - 2,2026-08-24,Malaga,Deportivo La Coruña,1,1,1.95,0.33,2,2,8,3,0.55,7,,13,,,1.12,0.57,1,4,1,1,0.45,4,,12,,
1336368634,La Liga,Regular Season - 2,2026-08-24,Osasuna,Levante,0,0,0.7,0.47,2,7,4,1,0.46,9,,23,,,1.28,1.06,2,1,6,4,0.54,4,,23,,
1336361826,La Liga,Regular Season - 1,2026-08-25,Valencia,Real Betis,0,1,1.15,0.65,1,3,5,8,0.42,8,,23,,,0.7,0.47,2,3,7,5,0.58,2,,13,,
1336360124,La Liga,Regular Season - 1,2026-08-26,Real Madrid,Real Sociedad,4,1,3.18,1.88,5,11,3,6,0.51,4,,9,,,0.65,0.51,1,3,4,3,0.49,7,,13,,
1336355869,La Liga,Regular Season - 1,2026-08-27,Barcelona,Athletic Club,2,0,4.23,2.43,4,10,7,5,0.7,12,,18,,,0.25,0.32,0,0,5,0,0.3,5,,12,,
1336356720,La Liga,Regular Season - 1,2026-08-27,Celta de Vigo,Osasuna,1,2,0.14,0.3,0,2,1,1,0.52,5,,14,,,2.6,1.35,4,5,5,3,0.48,3,,17,,
1336371187,La Liga,Regular Season - 3,2026-08-28,Alavés,Villarreal,1,0,0.73,0.51,1,2,7,0,0.24,5,,13,,,1.74,1.54,1,6,7,6,0.76,9,,22,,
1336376293,La Liga,Regular Season - 3,2026-08-28,Racing Santander,Elche,3,2,1.72,1.22,4,6,4,3,0.4,5,,7,,,1.03,1.41,1,7,5,6,0.6,10,,28,,
1336378846,La Liga,Regular Season - 3,2026-08-29,Sevilla FC,Atlético Madrid,1,3,0.9,0.71,1,5,9,6,0.42,4,,24,,,0.93,0.63,2,5,3,4,0.58,2,,5,,
1336377995,La Liga,Regular Season - 3,2026-08-29,Real Sociedad,Espanyol,2,1,1.82,1.39,5,10,3,4,0.51,7,,19,,,0.77,1.07,1,3,6,2,0.49,3,,11,,
1336374591,La Liga,Regular Season - 3,2026-08-29,Levante,Real Betis,5,2,2.76,1.4,5,10,7,2,0.4,5,,17,,,1.92,1.51,2,6,12,2,0.6,8,,35,,
1336372889,La Liga,Regular Season - 3,2026-08-30,Celta de Vigo,Athletic Club,0,2,0.75,0.48,3,2,5,1,0.54,4,,14,,,2.78,1.68,5,7,9,1,0.46,7,,19,,
1336373740,La Liga,Regular Season - 3,2026-08-30,Deportivo La Coruña,Valencia,3,1,1.42,0.93,2,4,5,2,0.44,5,,11,,,1.4,0.72,1,4,4,4,0.56,5,,25,,
1336377144,La Liga,Regular Season - 3,2026-08-30,Real Madrid,Malaga,4,0,2.62,1.69,4,8,4,7,0.56,9,,16,,,0.71,0.36,0,1,7,6,0.44,6,,7,,
1336372038,La Liga,Regular Season - 3,2026-08-31,Barcelona,Rayo Vallecano,5,2,3.04,2.07,7,9,10,7,0.68,9,,16,,,1.21,0.62,4,5,4,2,0.32,5,,15,,
1336375442,La Liga,Regular Season - 3,2026-08-31,Osasuna,Getafe,1,0,1.68,0.31,3,2,4,4,0.45,1,,7,,,0.68,0.86,2,1,7,3,0.55,3,,22,,
1336404376,La Liga,Regular Season - 6,2026-09-03,Real Sociedad,Celta de Vigo,0,0,1.05,0.44,1,5,3,8,0.51,11,,25,,,0.43,0.59,1,2,3,2,0.49,3,,10,,
1336381399,La Liga,Regular Season - 4,2026-09-04,Real Betis,Real Madrid,1,0,0.93,0.33,1,5,2,3,0.42,6,,18,,,3.46,2.32,7,8,9,3,0.58,10,,27,,
1336387356,La Liga,Regular Season - 4,2026-09-05,Villarreal,Deportivo La Coruña,2,3,1.2,1.18,3,5,6,6,0.63,7,,20,,,0.83,0.45,3,3,3,2,0.37,1,,11,,
1336385654,La Liga,Regular Season - 4,2026-09-05,Rayo Vallecano,Racing Santander,3,2,1.61,0.81,1,10,3,3,0.49,9,,28,,,0.48,1.18,1,4,3,2,0.51,6,,12,,
1336380548,La Liga,Regular Season - 4,2026-09-05,Athletic Club,Atlético Madrid,3,0,1.41,0.35,3,4,4,3,0.38,3,,10,,,1.02,1.08,0,5,9,1,0.62,8,,20,,
1336383101,La Liga,Regular Season - 4,2026-09-06,Espanyol,Sevilla FC,1,1,1.23,1.47,3,3,6,3,0.56,0,,17,,,0.53,0.57,1,3,3,0,0.44,4,,13,,
1336379697,La Liga,Regular Season - 4,2026-09-06,Alavés,Osasuna,5,2,1.2,0.7,4,7,4,1,0.5,4,,21,,,1.64,0.96,2,5,1,1,0.5,1,,15,,
1336384803,La Liga,Regular Season - 4,2026-09-06,Malaga,Levante,0,0,1.59,0.59,2,3,5,2,0.63,6,,13,,,0.98,0.49,2,3,5,3,0.37,4,,13,,
1336386505,La Liga,Regular Season - 4,2026-09-06,Valencia,Barcelona,0,5,0.66,0.11,2,2,1,0,0.26,1,,7,,,4.08,2.14,7,10,10,5,0.74,4,,8,,
1336382250,La Liga,Regular Season - 4,2026-09-07,Elche,Real Sociedad,2,3,2.37,1.58,6,10,8,2,0.58,6,,32,,,0.57,0.53,1,6,5,2,0.42,7,,14,,
1336383952,La Liga,Regular Season - 4,2026-09-07,Getafe,Celta de Vigo,1,1,0.65,0.23,2,2,6,2,0.3,3,,12,,,1.03,1.22,2,3,8,5,0.7,5,,22,,
1336395015,La Liga,Regular Season - 5,2026-09-11,Sevilla FC,Valencia,1,0,0.93,0.94,1,4,5,4,0.46,6,,26,,,0.1,0.18,0,0,2,1,0.54,4,,14,,
1336393313,La Liga,Regular Season - 5,2026-09-12,Real Madrid,Rayo Vallecano,4,1,2.62,1.82,4,11,8,5,0.56,11,,14,,,1.21,0.89,1,7,6,5,0.44,5,,23,,
1336388207,La Liga,Regular Season - 5,2026-09-12,Athletic Club,Elche,1,1,2.39,2.49,4,3,13,3,0.67,7,,26,,,0.84,0.11,1,1,2,0,0.33,1,,3,,
1336391611,La Liga,Regular Season - 5,2026-09-12,Osasuna,Espanyol,0,2,1.05,1,1,4,5,2,0.61,3,,36,,,1.43,1.69,2,3,1,2,0.39,4,,12,,
1336392462,La Liga,Regular Season - 5,2026-09-12,Racing Santander,Alavés,2,1,2.01,1.59,2,4,4,3,0.57,4,,11,,,1.98,0.87,4,8,3,5,0.43,6,,20,,
1336394164,La Liga,Regular Season - 5,2026-09-13,Real Sociedad,Atlético Madrid,0,3,0.27,0.65,1,3,1,4,0.54,9,,20,,,2.05,0.43,3,5,6,2,0.46,3,,8,,
1336389909,La Liga,Regular Season - 5,2026-09-13,Getafe,Deportivo La Coruña,1,1,0.78,0.89,1,4,10,1,0.36,3,,19,,,0.87,0.61,2,3,5,2,0.64,7,,22,,
1336390760,La Liga,Regular Season - 5,2026-09-13,Levante,Barcelona,2,4,2.42,0.44,5,7,3,3,0.25,3,,22,,,2.58,1.12,3,6,3,3,0.75,5,,7,,
1336389058,La Liga,Regular Season - 5,2026-09-13,Celta de Vigo,Malaga,1,1,1.9,0.61,2,5,8,4,0.46,1,,8,,,0.43,0.55,0,2,7,3,0.54,5,,10,,
1336395866,La Liga,Regular Season - 5,2026-09-14,Villarreal,Real Betis,1,2,1.88,1.48,2,8,4,2,0.62,7,,16,,,3.75,1.43,7,12,3,11,0.38,4,,12,,
1336400972,La Liga,Regular Season - 6,2026-09-15,Elche,Real Madrid,2,3,0.78,1.13,1,3,6,2,0.56,2,,18,,,3.61,2.39,5,4,11,5,0.44,5,,16,,
1336396717,La Liga,Regular Season - 6,2026-09-15,Alavés,Valencia,0,1,1.04,0.73,2,3,8,4,0.43,2,,25,,,0.79,0.56,1,3,2,5,0.57,5,,14,,
1336403525,La Liga,Regular Season - 6,2026-09-15,Rayo Vallecano,Espanyol,2,1,1.71,0.71,2,2,10,4,0.55,3,,8,,,1.65,0.97,2,5,7,7,0.45,5,,23,,
1336398419,La Liga,Regular Season - 6,2026-09-16,Barcelona,Racing Santander,7,2,6.74,2.59,13,9,15,6,0.69,18,,25,,,1.98,0.16,3,3,2,0,0.31,0,,4,,
1336397568,La Liga,Regular Season - 6,2026-09-16,Atlético Madrid,Osasuna,4,0,3.97,2.14,10,11,7,8,0.68,8,,23,,,0.48,0.46,1,1,1,1,0.32,0,,7,,
1336400121,La Liga,Regular Season - 6,2026-09-16,Deportivo La Coruña,Sevilla FC,0,1,0.14,0.3,0,3,1,0,0.53,4,,13,,,0.73,0.45,1,6,3,2,0.47,4,,12,,
1336402674,La Liga,Regular Season - 6,2026-09-17,Malaga,Villarreal,1,3,0.57,0.13,0,1,4,0,0.37,4,,12,,,3.2,2.92,7,7,5,4,0.63,8,,18,,
1336399270,La Liga,Regular Season - 6,2026-09-17,Real Betis,Getafe,1,0,1.89,1.04,4,8,8,6,0.75,4,,8,,,0.29,0.18,0,2,4,2,0.25,3,,12,,
1336408631,La Liga,Regular Season - 7,2026-09-18,Espanyol,Elche,1,3,1.05,1.58,2,4,14,5,0.66,3,,42,,,1.61,0.44,3,6,2,1,0.34,3,,3,,
1336411184,La Liga,Regular Season - 7,2026-09-19,Sevilla FC,Barcelona,1,3,0.4,0.92,1,3,4,0,0.3,1,,8,,,3.47,1.32,6,7,12,5,0.7,3,,11,,
1336406929,La Liga,Regular Season - 7,2026-09-19,Celta de Vigo,Racing Santander,5,0,2.14,1.17,3,9,2,2,0.41,3,,7,,,0.75,0.55,1,5,4,2,0.59,3,,15,,
1336405227,La Liga,Regular Season - 7,2026-09-19,Athletic Club,Alavés,0,0,1.62,0.74,1,6,10,8,0.69,5,,33,,,0.05,0.17,0,0,2,0,0.31,1,,7,,
1336410333,La Liga,Regular Season - 7,2026-09-19,Osasuna,Rayo Vallecano,1,1,0.53,0.4,1,3,5,2,0.37,4,,17,,,1.01,0.66,1,2,9,8,0.63,4,,19,,
1336412035,La Liga,Regular Season - 7,2026-09-20,Valencia,Real Sociedad,2,3,1.55,1.7,1,5,9,8,0.54,7,,25,,,2.65,0.95,2,6,8,7,0.46,5,,14,,
1336412886,La Liga,Regular Season - 7,2026-09-20,Villarreal,Levante,3,1,4.27,2.36,7,7,8,6,0.62,7,,21,,,0.45,0.51,0,1,4,1,0.38,1,,17,,
1336407780,La Liga,Regular Season - 7,2026-09-20,Deportivo La Coruña,Real Betis,1,1,2.09,1.28,3,7,9,8,0.43,11,,27,,,0.8,0.72,1,4,3,4,0.57,5,,14,,
1336406078,La Liga,Regular Season - 7,2026-09-20,Atlético Madrid,Real Madrid,2,1,2.35,1.45,4,9,4,5,0.61,3,,16,,,0.3,0.33,1,3,4,1,0.39,1,,14,,
1336409482,La Liga,Regular Season - 7,2026-09-20,Getafe,Malaga,1,0,0.95,0.85,1,7,9,4,0.44,5,,27,,,0.52,0.47,0,4,2,5,0.56,9,,20,,
1325320101,Premier League,Regular Season - 1,2026-08-21,Arsenal,Coventry,3,0,1.88,0.93,1,6,6,8,0.64,8,,19,,,0.2,0.24,1,1,2,1,0.36,2,,10,,
1325324356,Premier League,Regular Season - 1,2026-08-22,Brentford,Tottenham,3,0,3.87,1.9,6,8,11,7,0.4,7,,21,,,0.57,0.45,2,4,3,2,0.6,3,,14,,
1325323505,Premier League,Regular Season - 1,2026-08-22,Nottingham Forest,Leeds,0,1,0.66,0.76,0,2,8,2,0.56,3,,19,,,0.47,0.35,0,3,2,6,0.44,2,,8,,
1325321803,Premier League,Regular Season - 1,2026-08-22,Everton,Crystal Palace,2,0,1.12,0.87,1,5,4,7,0.42,4,,14,,,1.96,1.38,4,4,4,3,0.58,0,,12,,
1325322654,Premier League,Regular Season - 1,2026-08-22,Ipswich,Sunderland,2,1,1.8,1.03,2,3,6,1,0.38,3,,15,,,0.66,0.82,2,4,3,4,0.62,5,,23,,
1325320952,Premier League,Regular Season - 1,2026-08-22,Hull City,Manchester United,2,0,1.01,0.61,3,4,3,1,0.28,1,,15,,,1.83,1.94,2,5,8,8,0.72,6,,39,,
1325326909,Premier League,Regular Season - 1,2026-08-23,Newcastle United,Liverpool,2,2,1.58,0.75,3,4,5,4,0.39,2,,8,,,2.98,0.77,3,7,4,16,0.61,6,,27,,
1325326058,Premier League,Regular Season - 1,2026-08-23,Manchester City,Bournemouth,2,1,2.25,2.21,4,6,4,3,0.66,8,,24,,,0.65,0.35,1,4,1,0,0.34,3,,8,,
1325325207,Premier League,Regular Season - 1,2026-08-23,Brighton,Aston Villa,4,0,3.77,1.7,6,6,12,3,0.73,5,,23,,,0.29,0.13,0,0,6,0,0.27,2,,4,,
1325327760,Premier League,Regular Season - 1,2026-08-24,Fulham,Chelsea,2,3,1.33,0.67,2,6,3,5,0.62,6,,17,,,2.24,0.85,4,6,5,7,0.38,4,,11,,
1325332015,Premier League,Regular Season - 2,2026-08-28,Crystal Palace,Manchester City,1,4,0.66,0.35,3,1,7,1,0.28,2,,18,,,2.21,2.6,5,9,7,2,0.72,6,,15,,
1325336270,Premier League,Regular Season - 2,2026-08-29,Tottenham,Newcastle United,0,2,1.12,0.69,2,6,8,3,0.58,9,,25,,,0.72,1.1,1,2,7,2,0.42,7,,14,,
1325331164,Premier League,Regular Season - 2,2026-08-29,Coventry,Hull City,0,1,1.29,0.8,1,3,3,5,0.68,6,,34,,,0.72,0.15,1,2,4,0,0.32,2,,11,,
1325329462,Premier League,Regular Season - 2,2026-08-29,Bournemouth,Everton,1,1,2.16,1.48,6,5,5,7,0.59,10,,23,,,1.84,0.34,3,7,6,0,0.41,7,,20,,
1325333717,Premier League,Regular Season - 2,2026-08-29,Liverpool,Nottingham Forest,2,2,1.75,1.77,1,4,5,4,0.69,3,,30,,,2.3,1.41,5,3,3,6,0.31,5,,7,,
1325334568,Premier League,Regular Season - 2,2026-08-30,Manchester United,Ipswich,5,2,4.77,1.49,9,11,10,12,0.6,8,,24,,,2.06,0.74,4,5,3,1,0.4,4,,9,,
1325330313,Premier League,Regular Season - 2,2026-08-30,Chelsea,Brighton,4,3,2.93,1.62,6,6,5,6,0.26,4,,9,,,1.41,0.75,5,6,8,1,0.74,7,,31,,
1325335419,Premier League,Regular Season - 2,2026-08-30,Sunderland,Fulham,1,0,2.02,0.84,4,4,6,2,0.41,3,,18,,,0.95,0.95,2,0,3,8,0.59,4,,18,,
1325332866,Premier League,Regular Season - 2,2026-08-30,Leeds,Brentford,1,1,1.46,0.24,1,2,4,6,0.47,5,,25,,,1.67,0.85,2,5,6,11,0.53,6,,30,,
1325328611,Premier League,Regular Season - 2,2026-08-31,Aston Villa,Arsenal,0,1,0.33,0.34,0,0,5,2,0.39,2,,11,,,1.04,0.9,2,2,4,1,0.61,4,,16,,
1325342227,Premier League,Regular Season - 3,2026-09-04,Ipswich,Liverpool,0,2,0.75,0.43,0,5,5,4,0.45,4,,15,,,0.69,0.78,0,7,1,2,0.55,3,,11,,
1325341376,Premier League,Regular Season - 3,2026-09-05,Hull City,Aston Villa,0,0,0.57,0.2,1,4,7,0,0.26,3,,21,,,1.93,1.39,2,1,7,5,0.74,4,,12,,
1325343078,Premier League,Regular Season - 3,2026-09-05,Manchester City,Coventry,1,0,2.12,1.56,3,4,5,6,0.78,4,,19,,,1.37,0.8,3,3,6,3,0.22,5,,15,,
1325337972,Premier League,Regular Season - 3,2026-09-05,Brentford,Sunderland,1,1,1.21,0.87,3,2,6,4,0.49,4,,19,,,1.71,0.72,3,5,6,3,0.51,3,,14,,
1325338823,Premier League,Regular Season - 3,2026-09-05,Brighton,Leeds,1,1,2.19,1.09,4,5,8,7,0.67,7,,35,,,2.49,0.93,5,5,4,1,0.33,6,,13,,
1325344780,Premier League,Regular Season - 3,2026-09-05,Nottingham Forest,Tottenham,0,0,0.92,0.46,1,2,7,3,0.41,2,,19,,,1.06,0.67,2,0,7,4,0.59,10,,24,,
1325340525,Premier League,Regular Season - 3,2026-09-05,Fulham,Crystal Palace,2,3,3.14,2.53,2,6,10,9,0.64,7,,16,,,1.97,0.39,6,5,3,2,0.36,1,,7,,
1325343929,Premier League,Regular Season - 3,2026-09-05,Newcastle United,Bournemouth,2,2,0.71,0.61,1,2,4,2,0.58,4,,11,,,1.37,0.24,2,5,5,7,0.42,3,,12,,
1325337121,Premier League,Regular Season - 3,2026-09-06,Arsenal,Chelsea,2,1,2.05,1.89,4,9,1,6,0.54,5,,16,,,0.39,0.29,0,5,6,2,0.46,3,,14,,
1325339674,Premier League,Regular Season - 3,2026-09-06,Everton,Manchester United,2,2,1.01,0.67,1,6,5,7,0.45,4,,21,,,0.69,0.64,1,3,5,6,0.55,3,,11,,
1325352439,Premier League,Regular Season - 4,2026-09-12,Sunderland,Arsenal,0,2,1.8,1.11,3,3,5,4,0.43,4,,16,,,1.88,1.02,3,5,4,2,0.57,2,,7,,
1325353290,Premier League,Regular Season - 4,2026-09-12,Tottenham,Everton,0,0,0.69,1.26,1,2,4,8,0.62,5,,23,,,1.11,0.75,2,3,3,6,0.38,6,,17,,
1325345631,Premier League,Regular Season - 4,2026-09-12,Aston Villa,Nottingham Forest,1,2,0.82,0.56,2,5,1,1,0.54,6,,15,,,2.28,2.01,6,7,12,3,0.46,1,,14,,
1325350737,Premier League,Regular Season - 4,2026-09-12,Liverpool,Fulham,0,0,1.28,0.6,4,3,6,5,0.56,5,,25,,,0.7,0.53,1,4,3,3,0.44,8,,17,,
1325347333,Premier League,Regular Season - 4,2026-09-12,Chelsea,Hull City,2,2,0.91,1.07,2,7,4,1,0.68,10,,28,,,1.38,0.61,4,5,5,4,0.32,4,,13,,
1325349035,Premier League,Regular Season - 4,2026-09-12,Crystal Palace,Ipswich,2,3,0.62,0.47,1,4,6,1,0.46,6,,20,,,1.68,0.89,3,6,5,1,0.54,3,,21,,
1325346482,Premier League,Regular Season - 4,2026-09-12,Bournemouth,Brentford,2,2,1.75,1.34,4,10,8,2,0.57,2,,20,,,0.5,1.13,2,2,5,1,0.43,1,,13,,
1325351588,Premier League,Regular Season - 4,2026-09-13,Manchester United,Manchester City,0,1,1,0.8,1,3,9,4,0.55,6,,27,,,1.1,0.32,2,2,1,3,0.45,7,,14,,
1325348184,Premier League,Regular Season - 4,2026-09-13,Coventry,Brighton,0,5,1.33,1.28,1,6,6,2,0.3,5,,12,,,2.81,0.53,4,7,10,5,0.7,3,,17,,
1325349886,Premier League,Regular Season - 4,2026-09-14,Leeds,Newcastle United,4,1,2.08,0.76,3,6,4,5,0.5,5,,16,,,0.88,0.63,2,5,2,0,0.5,5,,18,,
1325354992,Premier League,Regular Season - 5,2026-09-18,Brentford,Chelsea,3,0,2.65,1.11,4,6,3,4,0.4,4,,13,,,0.83,0.56,1,2,3,7,0.6,12,,28,,
1325360949,Premier League,Regular Season - 5,2026-09-19,Nottingham Forest,Coventry,0,1,1.1,1.17,1,3,9,12,0.62,6,,32,,,0.67,0.42,1,3,6,1,0.38,2,,14,,
1325355843,Premier League,Regular Season - 5,2026-09-19,Brighton,Arsenal,3,0,1.31,1.08,3,5,9,3,0.4,5,,15,,,1.63,1.4,2,2,4,5,0.6,6,,16,,
1325356694,Premier League,Regular Season - 5,2026-09-19,Everton,Ipswich,1,0,2.24,1.38,5,2,11,8,0.52,4,,16,,,1.44,1,1,4,5,4,0.48,4,,13,,
1325360098,Premier League,Regular Season - 5,2026-09-19,Newcastle United,Hull City,2,1,1.44,0.44,2,5,5,2,0.56,4,,16,,,1.59,0.92,1,4,7,11,0.44,7,,33,,
1325361800,Premier League,Regular Season - 5,2026-09-19,Tottenham,Aston Villa,2,3,1.56,1.29,4,7,9,4,0.64,11,,30,,,1.16,0.34,2,6,6,3,0.36,1,,6,,
1325357545,Premier League,Regular Season - 5,2026-09-20,Fulham,Manchester United,1,1,1.62,1.03,3,6,5,1,0.42,3,,10,,,1.6,1.46,2,6,10,13,0.58,13,,31,,
1325358396,Premier League,Regular Season - 5,2026-09-20,Leeds,Crystal Palace,0,0,1.31,0.38,1,2,5,6,0.51,4,,17,,,1.06,0.81,2,4,5,3,0.49,3,,10,,
1325359247,Premier League,Regular Season - 5,2026-09-20,Manchester City,Sunderland,5,3,2.82,1.72,3,6,5,5,0.55,6,,19,,,3.57,1.67,8,9,5,3,0.45,5,,17,,
1325354141,Premier League,Regular Season - 5,2026-09-20,Bournemouth,Liverpool,0,1,0.79,0.81,1,2,5,2,0.46,3,,27,,,1.65,0.78,1,3,3,6,0.54,3,,13,,
